tipo,fecha,motivo,url
fomc,March 25 Conference Call - 2003,no programada,https://www.federalreserve.gov/monetarypolicy/fomchistorical2003.htm
fomc,April 1 Conference Call - 2003,no programada,https://www.federalreserve.gov/monetarypolicy/fomchistorical2003.htm
fomc,April 8 Conference Call - 2003,no programada,https://www.federalreserve.gov/monetarypolicy/fomchistorical2003.htm
fomc,April 16 Conference Call - 2003,no programada,https://www.federalreserve.gov/monetarypolicy/fomchistorical2003.htm
fomc,September 15 Meeting - 2003,sin comunicado,https://www.federalreserve.gov/monetarypolicy/fomchistorical2003.htm
fomc,August 10 Conference Call - 2007,no programada,https://www.federalreserve.gov/monetarypolicy/fomchistorical2007.htm
fomc,August 16 Conference Call - 2007,no programada,https://www.federalreserve.gov/monetarypolicy/fomchistorical2007.htm
fomc,December 6 Conference Call - 2007,no programada,https://www.federalreserve.gov/monetarypolicy/fomchistorical2007.htm
fomc,January 9 Conference Call - 2008,no programada,https://www.federalreserve.gov/monetarypolicy/fomchistorical2008.htm
fomc,January 21 Conference Call - 2008,no programada,https://www.federalreserve.gov/monetarypolicy/fomchistorical2008.htm
fomc,March 10 Conference Call - 2008,no programada,https://www.federalreserve.gov/monetarypolicy/fomchistorical2008.htm
fomc,July 24 Conference Call - 2008,no programada,https://www.federalreserve.gov/monetarypolicy/fomchistorical2008.htm
fomc,September 29 Conference Call - 2008,no programada,https://www.federalreserve.gov/monetarypolicy/fomchistorical2008.htm
fomc,October 7 Conference Call - 2008,no programada,https://www.federalreserve.gov/monetarypolicy/fomchistorical2008.htm
fomc,January 16 Conference Call - 2009,no programada,https://www.federalreserve.gov/monetarypolicy/fomchistorical2009.htm
fomc,February 7 Conference Call - 2009,no programada,https://www.federalreserve.gov/monetarypolicy/fomchistorical2009.htm
fomc,June 3 Conference Call - 2009,no programada,https://www.federalreserve.gov/monetarypolicy/fomchistorical2009.htm
fomc,May 9 Conference Call - 2010,no programada,https://www.federalreserve.gov/monetarypolicy/fomchistorical2010.htm
fomc,October 15 Conference Call - 2010,no programada,https://www.federalreserve.gov/monetarypolicy/fomchistorical2010.htm
fomc,August 1 Conference Call - 2011,no programada,https://www.federalreserve.gov/monetarypolicy/fomchistorical2011.htm
fomc,November 28 Conference Call - 2011,no programada,https://www.federalreserve.gov/monetarypolicy/fomchistorical2011.htm
fomc,October 16 (unscheduled) - 2013,no programada,https://www.federalreserve.gov/monetarypolicy/fomchistorical2013.htm
fomc,March 4 (unscheduled) - 2014,no programada,https://www.federalreserve.gov/monetarypolicy/fomchistorical2014.htm
fomc,October 4 (unscheduled) - 2019,no programada,https://www.federalreserve.gov/monetarypolicy/fomchistorical2019.htm
fomc,March 2 (unscheduled) Meeting - 2020,no programada,https://www.federalreserve.gov/monetarypolicy/fomchistorical2020.htm
fomc,March 15 (unscheduled) Meeting - 2020,no programada,https://www.federalreserve.gov/monetarypolicy/fomchistorical2020.htm
fomc,March 17-18 (cancelled) Meeting - 2020,no programada,https://www.federalreserve.gov/monetarypolicy/fomchistorical2020.htm
fomc,March 19 (notation vote) - 2020,no programada,https://www.federalreserve.gov/monetarypolicy/fomchistorical2020.htm
fomc,March 23 (notation vote) - 2020,no programada,https://www.federalreserve.gov/monetarypolicy/fomchistorical2020.htm
fomc,March 31 (notation vote) - 2020,no programada,https://www.federalreserve.gov/monetarypolicy/fomchistorical2020.htm
fomc,August 27 (notation vote) - 2020,no programada,https://www.federalreserve.gov/monetarypolicy/fomchistorical2020.htm
bce,2007-03-08,no es una decision de politica monetaria: TARGET2-Securities - Economic feasibility,https://www.ecb.europa.eu/pub/pdf/other/t2seconomicfeasibility0703en.pdf?388c2922b7914447b21a299046dd732a
bce,2007-03-08,no es una decision de politica monetaria: TARGET2-Securities - Legal feasibility,https://www.ecb.europa.eu/pub/pdf/other/t2slegalfeasibility0703en.pdf?ab1f2cc92704dfd3d866e857b6be01c5
bce,2007-03-08,no es una decision de politica monetaria: TARGET2-Securities - Operational feasibility,https://www.ecb.europa.eu/pub/pdf/other/t2soperationalfeasibility0703en.pdf?4f12e3a5833c55a59db8c9b49844107f
bce,2007-03-08,no es una decision de politica monetaria: TARGET2-Securities - Technical feasiblity,https://www.ecb.europa.eu/pub/pdf/other/t2stechnicalfeasibility0703en.pdf?ff2d8aa2cc9ecf83970a3138555ab7d9
bce,2008-10-08,"no programada (el comunicado no dice ""At today's meeting"" ni anuncia conferencia de prensa)",https://www.ecb.europa.eu/press/pr/date/2008/html/pr081008.en.html
bce,2020-04-30,no es una decision de politica monetaria: ECB announces new pandemic emergency longer-term refinancing operations,https://www.ecb.europa.eu/press/pr/date/2020/html/ecb.pr200430_1~477f400e39.en.html
bce,2020-04-30,no es una decision de politica monetaria: ECB recalibrates targeted lending operations to further support real economy,https://www.ecb.europa.eu/press/pr/date/2020/html/ecb.pr200430~fa46f38486.en.html
bce,2020-03-18,no es una decision de politica monetaria: ECB announces €750 billion Pandemic Emergency Purchase Programme (PEPP),https://www.ecb.europa.eu/press/pr/date/2020/html/ecb.pr200318_1~3949d6f266.en.html
