tipo,fecha_local,motivo,url,url_minutas
fomc,2003-01-29,ni el comunicado ni las minutas dicen la hora,https://www.federalreserve.gov/boarddocs/press/monetary/2003/20030129/default.htm,https://www.federalreserve.gov/fomc/minutes/20030129.htm
fomc,2003-03-18,ni el comunicado ni las minutas dicen la hora,https://www.federalreserve.gov/boarddocs/press/monetary/2003/20030318/default.htm,https://www.federalreserve.gov/fomc/minutes/20030318.htm
fomc,2003-05-06,ni el comunicado ni las minutas dicen la hora,https://www.federalreserve.gov/boarddocs/press/monetary/2003/20030506/default.htm,https://www.federalreserve.gov/fomc/minutes/20030506.htm
fomc,2003-06-25,ni el comunicado ni las minutas dicen la hora,https://www.federalreserve.gov/boarddocs/press/monetary/2003/20030625/default.htm,https://www.federalreserve.gov/fomc/minutes/20030625.htm
fomc,2003-08-12,ni el comunicado ni las minutas dicen la hora,https://www.federalreserve.gov/boarddocs/press/monetary/2003/20030812/default.htm,https://www.federalreserve.gov/fomc/minutes/20030812.htm
fomc,2003-09-16,ni el comunicado ni las minutas dicen la hora,https://www.federalreserve.gov/boarddocs/press/monetary/2003/20030916/default.htm,https://www.federalreserve.gov/fomc/minutes/20030916.htm
fomc,2003-10-28,ni el comunicado ni las minutas dicen la hora,https://www.federalreserve.gov/boarddocs/press/monetary/2003/20031028/default.htm,https://www.federalreserve.gov/fomc/minutes/20031028.htm
fomc,2003-12-09,ni el comunicado ni las minutas dicen la hora,https://www.federalreserve.gov/boarddocs/press/monetary/2003/20031209/default.htm,https://www.federalreserve.gov/fomc/minutes/20031209.htm
fomc,2004-01-28,ni el comunicado ni las minutas dicen la hora,https://www.federalreserve.gov/boarddocs/press/monetary/2004/20040128/default.htm,https://www.federalreserve.gov/fomc/minutes/20040128.htm
fomc,2004-03-16,ni el comunicado ni las minutas dicen la hora,https://www.federalreserve.gov/boarddocs/press/monetary/2004/20040316/default.htm,https://www.federalreserve.gov/fomc/minutes/20040316.htm
fomc,2004-05-04,ni el comunicado ni las minutas dicen la hora,https://www.federalreserve.gov/boarddocs/press/monetary/2004/20040504/default.htm,https://www.federalreserve.gov/fomc/minutes/20040504.htm
fomc,2004-06-30,ni el comunicado ni las minutas dicen la hora,https://www.federalreserve.gov/boarddocs/press/monetary/2004/20040630/default.htm,https://www.federalreserve.gov/fomc/minutes/20040630.htm
fomc,2004-08-10,ni el comunicado ni las minutas dicen la hora,https://www.federalreserve.gov/boarddocs/press/monetary/2004/20040810/default.htm,https://www.federalreserve.gov/fomc/minutes/20040810.htm
fomc,2004-09-21,ni el comunicado ni las minutas dicen la hora,https://www.federalreserve.gov/boarddocs/press/monetary/2004/20040921/default.htm,https://www.federalreserve.gov/fomc/minutes/20040921.htm
fomc,2004-11-10,ni el comunicado ni las minutas dicen la hora,https://www.federalreserve.gov/boarddocs/press/monetary/2004/20041110/default.htm,https://www.federalreserve.gov/fomc/minutes/20041110.htm
fomc,2004-12-14,ni el comunicado ni las minutas dicen la hora,https://www.federalreserve.gov/boarddocs/press/monetary/2004/20041214/default.htm,https://www.federalreserve.gov/fomc/minutes/20041214.htm
fomc,2005-02-02,ni el comunicado ni las minutas dicen la hora,https://www.federalreserve.gov/boarddocs/press/monetary/2005/20050202/default.htm,https://www.federalreserve.gov/fomc/minutes/20050202.htm
fomc,2005-03-22,ni el comunicado ni las minutas dicen la hora,https://www.federalreserve.gov/boarddocs/press/monetary/2005/20050322/default.htm,https://www.federalreserve.gov/fomc/minutes/20050322.htm
fomc,2005-05-03,ni el comunicado ni las minutas dicen la hora,https://www.federalreserve.gov/boarddocs/press/monetary/2005/20050503/default.htm,https://www.federalreserve.gov/fomc/minutes/20050503.htm
fomc,2005-06-30,ni el comunicado ni las minutas dicen la hora,https://www.federalreserve.gov/boarddocs/press/monetary/2005/20050630/default.htm,https://www.federalreserve.gov/fomc/minutes/20050630.htm
fomc,2005-08-09,ni el comunicado ni las minutas dicen la hora,https://www.federalreserve.gov/boarddocs/press/monetary/2005/20050809/default.htm,https://www.federalreserve.gov/fomc/minutes/20050809.htm
fomc,2005-09-20,ni el comunicado ni las minutas dicen la hora,https://www.federalreserve.gov/boarddocs/press/monetary/2005/20050920/,https://www.federalreserve.gov/fomc/minutes/20050920.htm
fomc,2005-11-01,ni el comunicado ni las minutas dicen la hora,https://www.federalreserve.gov/boarddocs/press/monetary/2005/20051101/,https://www.federalreserve.gov/fomc/minutes/20051101.htm
fomc,2005-12-13,ni el comunicado ni las minutas dicen la hora,https://www.federalreserve.gov/boarddocs/press/monetary/2005/20051213/,https://www.federalreserve.gov/fomc/minutes/20051213.htm
fomc,2006-01-31,ni el comunicado ni las minutas dicen la hora,https://www.federalreserve.gov/newsevents/press/monetary/20060131a.htm,https://www.federalreserve.gov/fomc/minutes/20060131.htm
fomc,2006-03-28,ni el comunicado ni las minutas dicen la hora,https://www.federalreserve.gov/newsevents/press/monetary/20060328a.htm,https://www.federalreserve.gov/fomc/minutes/20060328.htm
fomc,2006-05-10,ni el comunicado ni las minutas dicen la hora,https://www.federalreserve.gov/newsevents/press/monetary/20060510a.htm,https://www.federalreserve.gov/fomc/minutes/20060510.htm
fomc,2006-06-29,ni el comunicado ni las minutas dicen la hora,https://www.federalreserve.gov/newsevents/press/monetary/20060629a.htm,https://www.federalreserve.gov/fomc/minutes/20060629.htm
fomc,2008-06-25,ni el comunicado ni las minutas dicen la hora,https://www.federalreserve.gov/newsevents/press/monetary/20080625a.htm,
